{
  \"object\": \"list\",
  \"data\": [
    {
      \"object\": \"embedding\",
      \"index\": 0,
      \"embedding\": [
        -0.021422291,
        -0.022404639,
        -0.028050182,
        -0.029943865,
        -0.016427701,
        -0.03526985,
        -0.0005436942,
        0.0071841604,
        0.037755307,
        0.04689233,
        -0.013563506,
        0.0050153015,
        -0.032145273,
        0.030204248,
        0.026582578,
        -0.028783984,
        -0.0020135178,
        0.0407852,
        -0.0342...+32775 more"
